filename,x_from,y_from,width,height,sign_class
autosave01_02_2012_09_17_09.jpg,392,366,25,25,4_2_1
autosave01_02_2012_09_18_44.jpg,625,344,16,17,4_1_6
autosave01_02_2012_09_19_39.jpg,974,319,25,24,4_2_3
autosave01_02_2012_09_19_44.jpg,845,349,19,19,4_1_1
autosave01_02_2012_09_19_57.jpg,960,314,22,23,4_2_3
autosave01_02_2012_09_20_15.jpg,918,356,24,24,4_1_1
autosave01_02_2012_09_20_34.jpg,824,320,19,26,4_2_3
autosave01_02_2012_09_21_24.jpg,744,346,17,19,4_2_3
autosave01_02_2012_09_21_30.jpg,816,368,17,17,4_1_2_1
autosave01_02_2012_09_21_52.jpg,766,349,23,23,4_2_3
autosave01_02_2012_09_21_54.jpg,880,362,24,23,4_2_1
autosave01_02_2012_09_22_02.jpg,745,374,16,16,4_1_2_1
autosave01_02_2012_09_22_58.jpg,669,375,18,23,4_2_3
autosave01_02_2012_09_34_26.jpg,558,399,18,20,4_2_1
autosave01_02_2012_09_36_13.jpg,796,349,19,20,4_2_3
autosave01_02_2012_09_37_39.jpg,489,407,16,17,4_2_1
autosave01_02_2012_09_38_51.jpg,335,368,33,33,4_2_1
autosave01_02_2012_09_39_48.jpg,802,348,25,25,4_1_1
autosave01_02_2012_09_39_57.jpg,888,365,23,24,4_1_2
autosave01_02_2012_09_42_32.jpg,893,382,19,21,4_1_2_1
autosave01_02_2012_09_44_28.jpg,515,369,18,19,4_2_1
autosave01_02_2012_09_44_30.jpg,483,326,29,28,4_2_1
autosave01_02_2012_09_44_30.jpg,494,392,17,18,4_2_1
autosave01_02_2012_09_44_43.jpg,855,350,28,29,4_2_3
autosave01_02_2012_09_45_09.jpg,1248,314,22,42,4_1_2
autosave01_02_2012_09_45_22.jpg,878,384,19,23,4_2_3
autosave01_02_2012_09_46_36.jpg,402,344,33,37,4_2_1
autosave01_02_2012_09_47_20.jpg,964,316,29,34,4_2_3
autosave01_02_2012_09_47_21.jpg,824,363,18,20,4_1_1
autosave01_02_2012_09_47_25.jpg,965,356,27,27,4_1_2_1
autosave01_02_2012_09_48_17.jpg,348,346,44,46,4_2_1
autosave01_02_2012_09_48_28.jpg,471,388,23,23,4_1_1
autosave01_02_2012_09_49_03.jpg,1051,324,26,35,4_1_2
autosave01_02_2012_09_51_47.jpg,423,395,17,18,4_2_1
autosave01_02_2012_09_55_59.jpg,749,372,30,29,4_1_1
autosave01_02_2012_10_07_24.jpg,337,289,34,32,4_2_1
autosave01_02_2012_10_07_24.jpg,349,403,23,23,4_2_1
autosave01_02_2012_10_09_10.jpg,269,381,32,31,4_2_1
autosave01_02_2012_10_09_45.jpg,306,296,54,50,4_2_3
autosave01_02_2012_10_15_08.jpg,450,328,21,23,4_2_1
autosave01_02_2012_11_11_26.jpg,124,403,34,33,4_2_1
autosave01_02_2012_11_50_26.jpg,771,363,26,25,4_1_1
autosave01_02_2012_11_54_31.jpg,738,376,22,20,4_1_1
autosave01_02_2012_12_05_30.jpg,915,405,24,36,4_1_2
autosave01_02_2012_12_05_31.jpg,898,409,23,34,4_1_2
autosave01_02_2012_12_54_31.jpg,551,385,21,21,4_1_1
autosave01_02_2012_13_02_23.jpg,932,320,54,51,4_1_2_1
autosave01_02_2012_13_03_59.jpg,878,365,19,23,4_1_2
autosave01_02_2012_13_08_17.jpg,831,356,20,36,4_1_2
autosave01_02_2012_13_10_05.jpg,431,394,25,26,4_2_1
autosave01_02_2012_13_11_21.jpg,732,391,16,17,4_2_3
autosave01_02_2012_13_11_24.jpg,692,406,16,16,4_1_1
autosave01_02_2012_13_11_26.jpg,899,329,43,41,4_1_1
autosave01_02_2012_13_11_26.jpg,1202,360,19,21,4_1_2_1
autosave01_02_2012_13_11_52.jpg,463,401,23,26,4_1_1
autosave01_02_2012_13_12_59.jpg,492,397,19,20,4_2_1
autosave01_02_2012_13_13_00.jpg,430,382,33,32,4_2_1
autosave01_02_2012_13_14_22.jpg,900,353,30,33,4_1_1
autosave01_02_2012_13_14_23.jpg,1003,378,17,22,4_1_2
autosave01_02_2012_13_14_26.jpg,499,401,16,16,4_2_1
autosave01_02_2012_13_15_15.jpg,871,380,17,18,4_2_3
autosave01_02_2012_13_15_28.jpg,1033,368,24,23,4_1_4
autosave01_02_2012_13_15_38.jpg,837,373,28,29,4_2_3
autosave01_02_2012_13_15_44.jpg,861,398,21,19,4_1_2
autosave01_02_2012_13_18_14.jpg,767,399,16,16,4_1_1
autosave01_02_2012_13_18_57.jpg,499,409,17,18,4_2_1
autosave01_02_2012_13_24_32.jpg,505,401,20,20,4_1_1
autosave01_02_2012_13_24_37.jpg,500,409,17,17,4_2_1
autosave01_02_2012_13_25_31.jpg,449,417,18,18,4_2_1
autosave01_02_2012_13_30_31.jpg,454,398,22,21,4_2_1
autosave01_02_2012_13_37_23.jpg,517,395,16,16,4_2_1
autosave01_02_2012_13_37_24.jpg,485,387,22,22,4_2_1
autosave01_02_2012_13_38_38.jpg,509,414,17,18,4_2_1
autosave01_02_2012_13_39_02.jpg,519,413,16,17,4_1_1
autosave01_02_2012_13_39_24.jpg,854,371,19,19,4_2_3
autosave01_02_2012_13_39_30.jpg,1211,332,23,28,4_1_2
autosave01_02_2012_13_41_08.jpg,1181,367,18,21,4_1_2_1
autosave01_02_2012_13_41_16.jpg,532,382,18,17,4_2_1
autosave01_02_2012_13_41_17.jpg,512,352,23,23,4_2_1
autosave01_02_2012_13_41_18.jpg,483,334,30,30,4_2_1
autosave01_02_2012_13_41_18.jpg,492,408,19,19,4_2_1
autosave01_02_2012_13_42_46.jpg,939,352,21,21,4_2_3
autosave01_02_2012_13_43_26.jpg,1206,318,36,34,4_1_1
autosave01_02_2012_13_43_27.jpg,1102,349,17,17,4_1_1
autosave01_02_2012_13_43_53.jpg,1119,352,22,20,4_1_1
autosave01_02_2012_13_44_03.jpg,1171,305,26,27,4_2_3
autosave01_02_2012_13_44_15.jpg,1098,345,19,19,4_1_1
autosave01_02_2012_13_48_36.jpg,684,331,22,20,4_3
autosave01_02_2012_13_48_55.jpg,621,346,17,16,4_1_5
autosave02_10_2012_11_55_17_3.jpg,536,269,26,28,4_1_1
autosave02_10_2012_11_55_25_1.jpg,248,206,45,44,4_1_5
autosave02_10_2012_11_55_25_1.jpg,355,188,47,45,4_2_3
autosave02_10_2012_11_56_01_0.jpg,700,295,18,19,4_1_1
autosave02_10_2012_11_56_38_1.jpg,679,262,20,19,4_1_4
autosave02_10_2012_11_57_18_3.jpg,1011,214,46,43,4_1_4
autosave02_10_2012_11_57_20_2.jpg,791,279,23,26,4_1_2
autosave02_10_2012_11_57_26_3.jpg,566,286,16,17,4_2_3
autosave02_10_2012_11_57_28_3.jpg,416,215,38,37,4_2_3
autosave02_10_2012_11_57_35_0.jpg,684,353,22,23,4_2_3
autosave02_10_2012_11_57_35_0.jpg,687,309,16,17,4_2_3
autosave02_10_2012_11_57_37_1.jpg,1007,125,84,75,4_2_3
autosave02_10_2012_11_59_17_2.jpg,646,304,21,21,4_1_1
autosave02_10_2012_12_01_22_0.jpg,706,286,18,17,4_2_2
autosave02_10_2012_12_01_47_1.jpg,392,289,18,17,4_2_3
autosave02_10_2012_12_01_47_1.jpg,385,353,25,27,4_2_3
autosave02_10_2012_12_02_26_2.jpg,811,258,20,18,4_3
autosave02_10_2012_12_02_28_1.jpg,525,239,24,22,4_2_3
autosave02_10_2012_12_02_30_1.jpg,322,159,42,41,4_2_3
autosave02_10_2012_12_02_38_1.jpg,250,285,20,23,4_2_3
autosave02_10_2012_12_02_41_3.jpg,180,281,27,23,4_1_2
autosave02_10_2012_12_02_43_1.jpg,595,274,30,30,4_1_2
autosave02_10_2012_12_02_43_1.jpg,17,257,39,31,4_2_3
autosave02_10_2012_12_03_04_2.jpg,973,162,66,68,4_1_2
autosave02_10_2012_12_03_04_2.jpg,68,203,52,46,4_2_3
autosave02_10_2012_12_03_33_0.jpg,713,235,22,19,4_1_4
autosave02_10_2012_12_03_51_3.jpg,851,266,18,18,4_1_4
autosave02_10_2012_12_03_58_1.jpg,872,101,53,57,4_1_4
autosave02_10_2012_12_04_37_1.jpg,632,265,17,17,4_1_2
autosave02_10_2012_12_04_40_0.jpg,785,126,56,55,4_1_2
autosave02_10_2012_12_04_40_0.jpg,882,253,20,22,4_3
autosave02_10_2012_12_05_38_1.jpg,203,276,26,28,4_2_3
autosave02_10_2012_12_05_39_0.jpg,138,255,24,27,4_2_3
autosave02_10_2012_12_05_39_0.jpg,180,358,24,37,4_2_3
autosave02_10_2012_12_05_41_1.jpg,440,295,17,18,4_2_3
autosave02_10_2012_12_05_41_1.jpg,416,347,25,26,4_2_3
autosave02_10_2012_12_06_00_0.jpg,444,316,19,19,4_2_1
autosave02_10_2012_12_06_01_2.jpg,220,281,63,56,4_2_1
autosave02_10_2012_12_06_01_2.jpg,629,300,19,19,4_1_1
autosave02_10_2012_12_08_41_2.jpg,673,347,20,20,4_2_3
autosave02_10_2012_12_08_41_3.jpg,722,344,28,29,4_2_3
autosave02_10_2012_12_08_41_3.jpg,712,255,19,19,4_2_3
autosave02_10_2012_12_08_51_0.jpg,376,266,22,22,4_2_1
autosave02_10_2012_12_09_14_2.jpg,738,341,24,28,4_2_3
autosave02_10_2012_12_09_14_2.jpg,741,240,19,23,4_2_3
autosave02_10_2012_12_09_33_0.jpg,678,264,19,20,4_1_1
autosave02_10_2012_12_09_35_0.jpg,944,223,30,30,4_2_3
autosave02_10_2012_12_09_52_4.jpg,803,177,69,58,4_1_1
autosave02_10_2012_12_10_05_2.jpg,1141,163,58,54,4_1_4
autosave02_10_2012_12_10_15_2.jpg,703,287,24,22,4_1_4
autosave02_10_2012_12_10_15_2.jpg,335,234,21,20,4_1_4
autosave02_10_2012_12_10_18_0.jpg,859,226,23,24,4_1_2
autosave02_10_2012_12_10_30_0.jpg,691,256,21,21,4_2_3
autosave02_10_2012_12_10_33_2.jpg,37,230,32,26,4_1_1
autosave02_10_2012_12_10_34_0.jpg,237,250,19,25,4_1_2
autosave02_10_2012_12_10_49_1.jpg,482,317,20,27,4_2_1
autosave02_10_2012_12_10_51_0.jpg,364,308,52,51,4_2_1
autosave02_10_2012_12_10_55_1.jpg,432,322,17,19,4_2_1
autosave02_10_2012_12_10_57_1.jpg,397,321,21,24,4_2_1
autosave02_10_2012_12_11_55_1.jpg,955,200,39,38,4_1_1
autosave02_10_2012_12_12_52_2.jpg,490,281,20,21,4_2_3
autosave02_10_2012_12_12_52_2.jpg,480,346,22,28,4_2_3
autosave02_10_2012_12_15_54_2.jpg,483,228,24,22,4_2_3
autosave02_10_2012_12_15_58_1.jpg,92,244,45,40,4_1_3
autosave02_10_2012_12_15_58_2.jpg,173,249,45,40,4_1_3
autosave02_10_2012_12_16_12_1.jpg,734,267,18,17,4_1_1
autosave02_10_2012_12_16_12_1.jpg,441,253,17,18,4_1_1
autosave02_10_2012_12_17_20_2.jpg,418,340,24,25,4_2_3
autosave02_10_2012_12_17_20_2.jpg,425,244,22,23,4_2_3
autosave02_10_2012_12_17_45_1.jpg,94,254,49,38,4_1_1
autosave02_10_2012_12_18_05_1.jpg,420,271,21,21,4_1_1
autosave02_10_2012_12_18_05_1.jpg,767,246,20,21,4_1_4
autosave02_10_2012_12_18_07_2.jpg,733,242,22,22,4_2_3
autosave02_10_2012_12_18_25_0.jpg,988,281,18,19,4_1_1
autosave02_10_2012_12_18_25_2.jpg,1181,262,21,23,4_1_1
autosave02_10_2012_12_18_25_2.jpg,371,215,22,23,4_1_1
autosave02_10_2012_12_18_25_2.jpg,770,270,21,21,4_1_1
autosave02_10_2012_12_21_11_2.jpg,736,275,24,23,4_1_1
autosave02_10_2012_12_21_12_1.jpg,796,271,26,30,4_1_1
autosave02_10_2012_12_21_12_1.jpg,1021,292,19,23,4_1_1
autosave02_10_2012_12_24_08_1.jpg,650,333,25,26,4_2_3
autosave02_10_2012_12_24_20_1.jpg,677,247,20,17,4_1_1
autosave02_10_2012_12_24_20_1.jpg,478,320,18,19,4_2_3
autosave02_10_2012_12_24_20_4.jpg,733,204,30,29,4_1_1
autosave02_10_2012_12_24_20_4.jpg,432,328,23,25,4_2_3
autosave02_10_2012_12_24_20_4.jpg,439,281,17,16,4_2_3
autosave02_10_2012_12_24_37_0.jpg,759,256,26,27,4_1_5
autosave02_10_2012_12_24_42_2.jpg,457,210,40,44,4_2_3
autosave02_10_2012_12_24_47_3.jpg,473,252,43,40,4_1_1
autosave02_10_2012_12_24_47_3.jpg,558,294,25,27,4_1_1
autosave02_10_2012_12_26_25_0.jpg,640,288,19,19,4_1_1
autosave02_10_2012_12_26_29_0.jpg,679,283,16,18,4_1_4
autosave02_10_2012_12_26_56_3.jpg,1018,279,18,18,4_1_4
autosave02_10_2012_12_27_35_2.jpg,894,259,17,19,4_1_1
autosave02_10_2012_12_27_35_2.jpg,891,329,18,18,4_1_3
autosave02_10_2012_12_27_45_1.jpg,1077,210,23,25,4_1_1
autosave02_10_2012_12_27_45_1.jpg,1070,316,27,26,4_1_3
autosave02_10_2012_12_27_45_1.jpg,463,281,17,17,4_2_1
autosave02_10_2012_12_27_54_1.jpg,431,304,19,21,4_1_3
autosave02_10_2012_12_28_16_2.jpg,211,275,29,26,4_1_1
autosave02_10_2012_12_28_30_2.jpg,381,124,17,17,4_1_1
autosave02_10_2012_12_28_48_2.jpg,710,262,16,17,4_1_4
autosave02_10_2012_12_28_58_2.jpg,787,249,23,24,4_1_4
autosave02_10_2012_12_29_14_3.jpg,769,268,17,17,4_1_4
autosave02_10_2012_12_29_16_1.jpg,840,251,28,26,4_1_4
autosave02_10_2012_12_29_21_1.jpg,1170,290,17,31,4_1_2
autosave02_10_2012_12_29_25_0.jpg,419,268,22,22,4_2_3
autosave02_10_2012_12_29_25_2.jpg,355,237,26,27,4_2_3
autosave02_10_2012_12_29_25_2.jpg,295,290,17,17,4_2_2
autosave02_10_2012_12_29_35_0.jpg,603,323,28,35,4_2_3
autosave02_10_2012_12_29_35_0.jpg,640,232,24,26,4_2_3
autosave02_10_2012_12_29_35_2.jpg,488,334,40,49,4_2_3
autosave02_10_2012_12_29_35_2.jpg,543,215,31,33,4_2_3
autosave02_10_2012_12_29_51_0.jpg,680,278,22,21,4_1_1
autosave02_10_2012_12_39_42_0.jpg,664,287,20,18,4_1_1
autosave02_10_2012_12_43_08_1.jpg,828,261,22,27,4_1_2_1
autosave02_10_2012_12_43_08_4.jpg,622,254,22,19,4_2_1
autosave02_10_2012_12_45_29_0.jpg,714,263,19,21,4_2_3
autosave02_10_2012_12_45_29_0.jpg,716,334,27,30,4_2_3
autosave02_10_2012_12_45_44_0.jpg,647,268,21,20,4_1_1
autosave02_10_2012_12_52_17_0.jpg,38,228,23,37,4_1_1
autosave02_10_2012_12_52_17_1.jpg,0,230,23,37,4_1_1
autosave02_10_2012_12_52_17_1.jpg,949,226,31,32,4_1_2_1
autosave02_10_2012_12_52_31_3.jpg,931,298,17,17,4_1_4
autosave02_10_2012_12_55_12_1.jpg,1073,255,25,29,4_1_2
autosave02_10_2012_12_55_36_0.jpg,354,336,17,17,4_2_1
autosave02_10_2012_12_55_36_0.jpg,358,293,19,18,4_2_1
autosave02_10_2012_12_57_26_0.jpg,985,238,24,31,4_1_3
autosave02_10_2012_12_57_26_1.jpg,1106,210,27,39,4_1_3
autosave09_10_2012_07_47_54_2.jpg,716,340,22,22,4_1_1
autosave09_10_2012_07_48_44_2.jpg,424,333,17,17,4_2_1
autosave09_10_2012_07_48_56_0.jpg,384,343,18,18,4_1_1
autosave09_10_2012_07_49_17_1.jpg,738,299,16,17,4_1_1
autosave09_10_2012_07_49_46_0.jpg,742,325,17,16,4_2_3
autosave09_10_2012_07_49_48_2.jpg,1113,343,17,17,4_2_3
autosave09_10_2012_07_49_52_2.jpg,755,354,16,17,4_1_1
autosave09_10_2012_07_50_23_3.jpg,396,345,18,17,4_2_1
autosave09_10_2012_07_56_56_1.jpg,637,306,17,17,4_1_4
autosave09_10_2012_07_57_02_2.jpg,342,343,18,18,4_2_1
autosave09_10_2012_08_00_56_0.jpg,692,352,16,16,4_1_1
autosave09_10_2012_08_08_04_0.jpg,1027,130,50,48,4_1_4
autosave09_10_2012_08_11_54_0.jpg,670,333,16,17,4_2_3
autosave09_10_2012_08_12_22_0.jpg,703,291,16,17,4_1_1
autosave09_10_2012_08_13_02_1.jpg,498,331,16,16,4_2_1
autosave09_10_2012_08_13_02_2.jpg,496,329,18,18,4_2_1
autosave09_10_2012_08_17_29_1.jpg,775,344,18,17,4_1_1
autosave09_10_2012_08_18_20_2.jpg,896,335,26,25,4_1_1
autosave09_10_2012_08_19_48_1.jpg,854,347,25,23,4_1_1
autosave09_10_2012_08_19_59_1.jpg,478,326,19,18,4_2_1
autosave09_10_2012_08_20_05_1.jpg,840,333,23,23,4_2_3
autosave09_10_2012_08_20_40_1.jpg,713,343,18,17,4_2_3
autosave09_10_2012_08_20_46_0.jpg,718,345,19,20,4_1_1
autosave09_10_2012_08_20_47_1.jpg,869,315,45,42,4_1_1
autosave09_10_2012_08_20_47_1.jpg,874,366,16,18,4_1_2_1
autosave09_10_2012_08_22_29_3.jpg,741,319,23,24,4_2_3
autosave09_10_2012_08_22_34_0.jpg,744,339,22,21,4_1_1
autosave09_10_2012_08_22_35_0.jpg,913,302,40,42,4_1_1
autosave09_10_2012_08_22_35_0.jpg,888,352,19,21,4_1_2
autosave09_10_2012_08_23_32_2.jpg,701,335,16,16,4_2_3
autosave09_10_2012_08_23_38_2.jpg,701,351,17,17,4_1_1
autosave09_10_2012_08_25_27_1.jpg,289,332,24,23,4_1_1
autosave09_10_2012_08_27_56_0.jpg,750,349,17,18,4_1_1
autosave09_10_2012_08_27_56_2.jpg,880,334,33,32,4_1_1
autosave09_10_2012_08_27_56_2.jpg,939,362,17,19,4_1_2
autosave09_10_2012_08_29_36_3.jpg,934,340,19,19,4_1_1
autosave09_10_2012_08_29_38_0.jpg,1244,322,34,33,4_1_1
autosave09_10_2012_08_29_38_0.jpg,1086,357,16,17,4_1_2_1
autosave09_10_2012_08_29_38_1.jpg,1188,351,18,18,4_1_2_1
autosave09_10_2012_08_29_41_2.jpg,770,315,24,26,4_2_3
autosave09_10_2012_08_29_50_2.jpg,1074,347,21,21,4_1_1
autosave09_10_2012_08_31_16_1.jpg,427,325,18,18,4_1_1
autosave09_10_2012_08_31_18_1.jpg,419,320,18,16,4_2_1
autosave09_10_2012_08_32_11_1.jpg,727,344,17,18,4_2_3
autosave09_10_2012_08_32_14_2.jpg,411,323,18,18,4_1_1
autosave09_10_2012_08_32_16_1.jpg,428,331,16,16,4_2_1
autosave09_10_2012_08_32_26_1.jpg,744,354,17,18,4_1_1
autosave09_10_2012_08_32_28_0.jpg,917,339,18,19,4_1_2_1
autosave09_10_2012_08_33_54_1.jpg,807,342,18,18,4_2_3
autosave09_10_2012_08_33_57_0.jpg,833,325,28,27,4_1_1
autosave09_10_2012_08_33_57_1.jpg,941,310,36,37,4_1_1
autosave09_10_2012_08_33_57_1.jpg,969,353,16,23,4_1_2_1
autosave09_10_2012_08_36_07_1.jpg,705,325,18,18,4_2_3
autosave09_10_2012_08_36_18_0.jpg,728,353,16,17,4_1_1
autosave09_10_2012_08_36_43_0.jpg,659,312,22,22,4_2_3
autosave09_10_2012_08_36_43_0.jpg,375,305,29,26,4_1_1
autosave09_10_2012_08_36_45_0.jpg,398,300,25,24,4_2_1
autosave09_10_2012_08_36_56_0.jpg,730,324,20,20,4_1_1
autosave09_10_2012_08_38_25_1.jpg,437,320,19,19,4_1_1
autosave09_10_2012_08_38_26_2.jpg,269,257,40,39,4_1_1
autosave09_10_2012_08_38_26_2.jpg,457,333,17,16,4_2_1
autosave09_10_2012_08_39_16_2.jpg,701,338,19,19,4_2_3
autosave09_10_2012_08_39_17_1.jpg,742,323,23,24,4_2_3
autosave09_10_2012_08_39_20_2.jpg,742,364,19,17,4_1_2_1
autosave09_10_2012_08_39_21_0.jpg,780,347,22,21,4_1_2_1
autosave09_10_2012_08_39_21_0.jpg,892,281,42,44,4_1_1
autosave09_10_2012_08_39_28_1.jpg,708,343,17,18,4_1_1
autosave09_10_2012_08_39_28_2.jpg,936,359,19,17,4_1_2_1
autosave09_10_2012_08_39_28_2.jpg,733,344,17,19,4_1_1
autosave09_10_2012_08_40_03_2.jpg,701,335,18,19,4_1_1
autosave09_10_2012_08_40_05_1.jpg,857,354,20,25,4_1_2_1
autosave09_10_2012_08_40_21_1.jpg,423,331,24,25,4_2_3
autosave09_10_2012_08_40_58_2.jpg,322,315,25,25,4_1_1
autosave09_10_2012_08_40_59_1.jpg,430,331,18,17,4_2_1
autosave09_10_2012_08_41_00_2.jpg,325,303,26,24,4_2_1
autosave09_10_2012_08_42_27_2.jpg,461,321,21,21,4_1_1
autosave09_10_2012_08_42_29_2.jpg,446,311,22,22,4_2_1
autosave09_10_2012_08_42_30_0.jpg,411,310,27,27,4_2_1
autosave09_10_2012_08_42_39_0.jpg,723,340,17,17,4_2_3
autosave09_10_2012_08_42_45_1.jpg,1191,288,17,45,4_1_2
autosave09_10_2012_08_44_03_2.jpg,347,325,23,20,4_1_1
autosave09_10_2012_08_44_05_1.jpg,379,332,18,17,4_2_1
autosave09_10_2012_08_44_12_1.jpg,708,338,21,19,4_2_3
autosave09_10_2012_08_44_16_2.jpg,901,341,18,26,4_1_2
autosave09_10_2012_08_44_49_3.jpg,801,347,20,19,4_2_3
autosave09_10_2012_08_45_04_2.jpg,781,331,23,23,4_2_3
autosave09_10_2012_08_45_10_0.jpg,725,341,23,22,4_1_1
autosave09_10_2012_08_45_10_1.jpg,800,327,30,30,4_1_1
autosave09_10_2012_08_45_10_1.jpg,899,357,16,18,4_1_2
autosave09_10_2012_08_46_58_2.jpg,958,326,17,22,4_1_2
autosave09_10_2012_08_47_05_2.jpg,366,321,22,23,4_1_1
autosave09_10_2012_08_47_06_0.jpg,130,273,43,41,4_1_1
autosave09_10_2012_08_47_06_0.jpg,390,327,20,18,4_2_1
autosave09_10_2012_08_47_09_0.jpg,398,332,18,18,4_2_1
autosave09_10_2012_08_47_49_1.jpg,420,301,33,33,4_2_1
autosave09_10_2012_08_47_58_2.jpg,357,312,24,25,4_2_1
autosave09_10_2012_08_48_08_3.jpg,723,345,17,18,4_1_1
autosave09_10_2012_08_48_09_1.jpg,1016,355,18,18,4_1_2
autosave09_10_2012_08_48_09_1.jpg,770,341,22,21,4_1_1
autosave09_10_2012_08_48_26_0.jpg,413,317,19,21,4_1_1
autosave09_10_2012_08_48_27_0.jpg,200,252,42,41,4_1_1
autosave09_10_2012_08_48_27_0.jpg,411,326,16,17,4_2_1
autosave09_10_2012_08_52_27_0.jpg,711,344,17,17,4_1_1
autosave09_10_2012_08_52_41_1.jpg,402,308,20,20,4_1_1
autosave09_10_2012_08_52_45_0.jpg,395,329,19,18,4_2_1
autosave09_10_2012_09_02_56_2.jpg,147,301,37,35,4_1_2
autosave09_10_2012_09_06_53_1.jpg,672,346,19,20,4_2_3
autosave09_10_2012_09_06_57_2.jpg,683,348,16,16,4_1_1
autosave09_10_2012_09_06_58_2.jpg,793,329,26,31,4_1_1
autosave09_10_2012_09_06_58_2.jpg,1208,339,19,23,4_1_2
autosave09_10_2012_09_06_59_1.jpg,993,298,51,50,4_1_1
autosave09_10_2012_09_07_29_2.jpg,365,303,25,25,4_1_1
autosave09_10_2012_09_07_32_1.jpg,395,329,17,17,4_2_1
autosave09_10_2012_09_07_42_1.jpg,385,312,17,16,4_1_4
autosave09_10_2012_09_12_19_2.jpg,933,348,18,32,4_1_2
autosave09_10_2012_09_13_01_0.jpg,677,329,18,19,4_2_3
autosave09_10_2012_09_13_01_0.jpg,666,384,18,18,4_2_3
autosave09_10_2012_09_13_13_1.jpg,708,361,17,16,4_1_1
autosave09_10_2012_09_13_14_1.jpg,802,327,44,41,4_1_1
autosave09_10_2012_09_13_14_1.jpg,1010,370,17,18,4_1_2
autosave09_10_2012_09_14_03_3.jpg,682,341,16,16,4_2_3
autosave09_10_2012_09_14_04_0.jpg,723,328,21,21,4_2_3
autosave09_10_2012_09_14_04_0.jpg,711,386,20,21,4_2_3
autosave09_10_2012_09_14_21_0.jpg,722,358,22,20,4_1_1
autosave09_10_2012_09_14_22_2.jpg,993,354,20,22,4_1_2
autosave09_10_2012_09_15_15_1.jpg,422,342,16,17,4_1_1
autosave09_10_2012_09_15_15_2.jpg,406,339,16,17,4_1_1
autosave09_10_2012_09_15_15_2.jpg,671,352,16,16,4_1_1
autosave09_10_2012_09_15_17_1.jpg,0,243,47,57,4_1_1
autosave09_10_2012_09_15_17_1.jpg,383,332,17,17,4_2_1
autosave09_10_2012_09_15_17_1.jpg,907,292,44,45,4_1_1
autosave09_10_2012_09_18_41_2.jpg,712,349,16,17,4_1_1
autosave09_10_2012_09_18_41_2.jpg,394,335,18,18,4_1_1
autosave09_10_2012_09_18_43_1.jpg,1009,282,53,57,4_1_1
autosave09_10_2012_09_18_43_1.jpg,0,230,56,55,4_1_1
autosave09_10_2012_09_18_43_1.jpg,388,331,19,19,4_2_1
autosave09_10_2012_09_22_24_0.jpg,374,332,18,17,4_1_1
autosave09_10_2012_09_22_24_0.jpg,674,343,19,18,4_1_1
autosave09_10_2012_09_22_25_2.jpg,1149,214,93,93,4_1_1
autosave09_10_2012_09_22_25_2.jpg,369,336,18,16,4_2_1
autosave09_10_2012_09_24_36_1.jpg,387,339,19,20,4_1_1
autosave09_10_2012_09_29_50_1.jpg,812,321,18,18,4_2_2
autosave09_10_2012_09_31_54_0.jpg,749,354,17,19,4_1_1
autosave09_10_2012_09_40_43_1.jpg,721,339,17,18,4_2_2
autosave09_10_2012_09_42_40_0.jpg,792,368,16,16,4_1_1
autosave09_10_2012_09_44_12_0.jpg,750,331,18,18,4_1_1
autosave09_10_2012_09_44_37_2.jpg,1229,335,17,30,4_1_2
autosave09_10_2012_09_51_10_0.jpg,834,344,21,21,4_2_2
autosave09_10_2012_09_51_12_0.jpg,959,325,30,30,4_2_2
autosave09_10_2012_09_51_12_0.jpg,697,393,18,18,4_2_2
autosave09_10_2012_09_51_22_0.jpg,655,343,22,22,4_2_2
autosave09_10_2012_09_52_59_1.jpg,816,376,17,18,4_1_2
autosave09_10_2012_09_53_42_2.jpg,410,324,21,20,4_2_1
autosave09_10_2012_09_53_44_2.jpg,705,355,18,19,4_2_2
autosave09_10_2012_09_53_55_0.jpg,1012,358,22,23,4_1_1
autosave09_10_2012_09_53_59_1.jpg,1190,378,16,26,4_1_1
autosave09_10_2012_09_54_13_1.jpg,693,352,25,26,4_1_2_2
autosave09_10_2012_09_56_28_2.jpg,984,342,21,19,4_3
autosave09_10_2012_09_56_30_2.jpg,520,303,18,19,4_2_1
autosave09_10_2012_10_09_56_2.jpg,597,386,17,19,4_2_2
autosave09_10_2012_10_11_09_0.jpg,767,344,39,39,4_2_2
autosave09_10_2012_10_11_11_1.jpg,1053,290,127,129,4_2_2
autosave09_10_2012_10_11_11_1.jpg,890,427,21,21,4_2_2
autosave09_10_2012_10_11_17_2.jpg,772,394,18,36,4_2_2
autosave09_10_2012_10_16_52_0.jpg,726,360,17,17,4_1_1
autosave09_10_2012_10_16_54_2.jpg,710,359,17,17,4_1_1
autosave09_10_2012_10_16_59_1.jpg,735,343,17,17,4_1_1
autosave09_10_2012_10_20_29_1.jpg,696,335,19,18,4_1_1
autosave09_10_2012_10_20_34_2.jpg,705,350,16,16,4_1_1
autosave09_10_2012_11_06_16_1.jpg,647,360,20,20,4_2_2
autosave09_10_2012_11_08_11_2.jpg,669,373,20,20,4_2_2
autosave09_10_2012_11_19_00_2.jpg,762,347,17,16,4_1_1
autosave09_10_2012_11_19_33_1.jpg,492,325,19,17,4_2_1
autosave09_10_2012_11_22_23_2.jpg,766,320,18,20,4_2_3
autosave09_10_2012_11_26_55_0.jpg,746,347,18,19,4_1_1
autosave09_10_2012_11_27_11_2.jpg,713,302,19,18,4_1_1
autosave09_10_2012_11_48_36_2.jpg,954,309,25,29,4_1_1
autosave09_10_2012_11_51_05_2.jpg,728,338,23,23,4_1_1
autosave09_10_2012_12_13_29_1.jpg,850,333,17,18,4_1_1
autosave09_10_2012_12_13_30_1.jpg,1055,309,31,33,4_1_1
autosave09_10_2012_12_13_33_1.jpg,826,349,18,18,4_1_1
autosave09_10_2012_12_13_43_1.jpg,777,330,17,16,4_1_1
autosave09_10_2012_12_14_18_3.jpg,93,310,50,45,4_1_2
autosave09_10_2012_12_15_05_1.jpg,179,283,18,20,4_1_2
autosave09_10_2012_12_17_21_1.jpg,450,330,19,18,4_2_1
autosave09_10_2012_12_17_21_1.jpg,449,376,17,18,4_2_1
autosave09_10_2012_12_17_38_0.jpg,1072,341,22,23,4_2_1
autosave09_10_2012_12_17_58_0.jpg,431,325,20,21,4_2_1
autosave09_10_2012_12_18_15_3.jpg,614,336,20,18,4_1_2
autosave09_10_2012_12_20_23_1.jpg,943,333,18,17,4_1_1
autosave09_10_2012_12_20_24_2.jpg,926,341,26,26,4_1_1
autosave09_10_2012_12_20_25_0.jpg,882,325,28,26,4_1_1
autosave09_10_2012_12_42_17_2.jpg,807,305,28,29,4_1_6
autosave09_10_2012_13_00_07_0.jpg,1188,336,17,20,4_1_4
autosave09_10_2012_13_00_11_1.jpg,1254,302,24,24,4_1_4
autosave09_10_2012_13_00_22_1.jpg,685,319,17,17,4_1_4
autosave09_10_2012_13_20_19_2.jpg,783,326,21,22,4_1_1
autosave09_10_2012_13_23_09_1.jpg,828,308,23,24,4_1_1
autosave09_10_2012_13_26_19_0.jpg,1119,304,18,20,4_1_2
autosave09_10_2012_13_27_41_3.jpg,879,342,17,16,4_1_1
autosave09_10_2012_13_27_55_3.jpg,500,321,23,21,4_2_1
autosave09_10_2012_13_27_55_3.jpg,496,385,23,24,4_2_1
autosave09_10_2012_13_28_57_2.jpg,969,344,18,18,4_1_1
autosave09_10_2012_13_28_59_1.jpg,1205,306,33,30,4_1_1
autosave09_10_2012_13_29_04_1.jpg,945,330,19,32,4_1_1
autosave09_10_2012_13_29_27_2.jpg,685,337,17,18,4_1_4
autosave09_10_2012_13_30_17_0.jpg,0,317,33,31,4_1_2
autosave09_10_2012_13_30_48_0.jpg,673,322,19,19,4_1_1
autosave09_10_2012_13_31_13_0.jpg,646,338,16,16,4_1_4
autosave09_10_2012_13_31_15_1.jpg,784,257,43,44,4_1_4
autosave09_10_2012_13_31_15_1.jpg,684,318,20,20,4_2_3
autosave09_10_2012_13_31_20_1.jpg,737,337,17,23,4_1_2
autosave09_10_2012_13_31_33_0.jpg,100,332,22,21,4_1_2
autosave09_10_2012_13_32_02_1.jpg,645,319,17,16,4_1_4
autosave09_10_2012_13_32_08_1.jpg,688,314,18,18,4_1_4
autosave09_10_2012_13_37_03_3.jpg,98,271,59,60,4_1_3
autosave09_10_2012_13_38_14_0.jpg,713,335,23,22,4_1_1
autosave09_10_2012_14_00_37_2.jpg,720,335,16,18,4_1_1
autosave09_10_2012_14_01_03_2.jpg,726,322,19,21,4_2_3
autosave09_10_2012_15_17_21_1.jpg,680,320,21,22,4_1_2_1
autosave09_10_2012_15_18_45_2.jpg,657,255,17,18,4_1_1
autosave09_10_2012_15_42_34_1.jpg,776,245,23,24,4_1_4
autosave09_11_2012_08_56_18_1.jpg,708,323,19,18,4_1_4
autosave09_11_2012_08_56_22_2.jpg,576,352,17,18,4_1_1
autosave09_11_2012_08_59_18_1.jpg,829,350,20,18,4_1_1
autosave09_11_2012_08_59_34_2.jpg,467,373,18,18,4_1_1
autosave09_11_2012_08_59_36_0.jpg,607,347,17,18,4_2_3
autosave09_11_2012_08_59_36_0.jpg,640,404,16,18,4_2_2
autosave09_11_2012_09_00_04_1.jpg,826,351,18,19,4_1_2
autosave09_11_2012_09_00_04_1.jpg,1181,343,18,18,4_2_3
autosave09_11_2012_09_00_05_1.jpg,880,340,23,25,4_1_2
autosave09_11_2012_09_00_05_1.jpg,1163,385,19,16,4_1_1
autosave09_11_2012_09_00_06_0.jpg,941,323,26,32,4_1_2
autosave09_11_2012_09_00_06_0.jpg,1233,381,19,18,4_1_1
autosave09_11_2012_09_00_06_2.jpg,1074,285,36,46,4_1_2
autosave09_11_2012_09_00_06_2.jpg,637,395,18,18,4_2_2
autosave09_11_2012_09_00_06_3.jpg,1176,258,43,56,4_1_2
autosave09_11_2012_09_00_06_3.jpg,643,395,18,19,4_2_2
autosave09_11_2012_09_01_51_0.jpg,313,347,19,20,4_2_1
autosave09_11_2012_09_05_19_1.jpg,799,372,17,17,4_1_4
autosave09_11_2012_09_05_24_3.jpg,756,399,18,24,4_1_2_2
autosave09_11_2012_09_05_25_1.jpg,771,416,21,29,4_1_2_2
autosave09_11_2012_09_05_31_0.jpg,334,380,20,17,4_1_1
autosave09_11_2012_09_05_31_0.jpg,617,410,18,21,4_1_2_2
autosave09_11_2012_09_05_45_2.jpg,850,421,19,19,4_1_2_2
autosave09_11_2012_09_05_54_2.jpg,856,392,17,16,4_1_2
autosave09_11_2012_09_06_21_0.jpg,848,391,23,24,4_2_2
autosave09_11_2012_09_06_25_2.jpg,794,399,22,24,4_2_2
autosave09_11_2012_09_07_56_0.jpg,830,414,21,23,4_2_2
autosave09_11_2012_09_08_16_2.jpg,893,411,36,37,4_2_2
autosave09_11_2012_09_13_20_1.jpg,827,370,19,19,4_2_3
autosave09_11_2012_09_18_40_1.jpg,454,327,24,26,4_2_3
autosave09_11_2012_09_19_20_1.jpg,689,395,21,22,4_1_2_2
autosave09_11_2012_09_19_26_0.jpg,896,362,23,22,4_1_1
autosave09_11_2012_09_19_26_2.jpg,972,338,30,30,4_1_1
autosave09_11_2012_09_19_26_2.jpg,189,280,26,21,4_1_2_2
autosave09_11_2012_09_19_49_4.jpg,938,399,25,25,4_2_2
autosave09_11_2012_09_19_49_4.jpg,724,395,19,19,4_2_2
autosave09_11_2012_09_20_47_3.jpg,835,408,28,28,4_2_2
autosave09_11_2012_09_20_49_0.jpg,901,412,34,36,4_2_2
autosave09_11_2012_09_20_55_4.jpg,832,358,21,20,4_2_3
autosave09_11_2012_09_21_47_1.jpg,67,422,19,19,4_2_2
autosave09_11_2012_09_21_47_3.jpg,125,422,20,20,4_2_2
autosave09_11_2012_09_21_59_1.jpg,835,370,17,17,4_1_1
autosave09_11_2012_09_22_03_2.jpg,878,331,17,18,4_2_3
autosave09_11_2012_09_22_18_0.jpg,817,360,18,17,4_1_4
autosave09_11_2012_09_25_47_0.jpg,494,276,16,29,4_1_2_2
autosave09_11_2012_09_27_28_2.jpg,822,357,18,17,4_1_1
autosave09_11_2012_09_27_32_0.jpg,833,338,18,17,4_1_1
autosave09_11_2012_09_28_01_2.jpg,968,403,22,23,4_1_1
autosave09_11_2012_09_28_24_4.jpg,1006,394,30,33,4_1_2_2
autosave09_11_2012_09_28_26_3.jpg,1100,389,41,41,4_2_2
autosave09_11_2012_09_29_23_2.jpg,599,349,20,19,4_2_1
autosave09_11_2012_09_30_23_2.jpg,523,336,19,20,4_2_3
autosave09_11_2012_09_30_31_2.jpg,739,358,18,18,4_1_2
autosave09_11_2012_09_31_15_1.jpg,988,357,31,31,4_2_2
autosave09_11_2012_09_31_40_1.jpg,552,327,20,21,4_2_3
autosave09_11_2012_09_32_04_1.jpg,716,403,18,18,4_2_2
autosave09_11_2012_09_32_04_1.jpg,884,406,19,20,4_2_2
autosave09_11_2012_09_32_39_0.jpg,810,418,24,22,4_2_2
autosave09_11_2012_09_32_39_1.jpg,837,409,26,27,4_2_2
autosave09_11_2012_09_32_44_2.jpg,498,354,17,19,4_2_3
autosave09_11_2012_09_33_00_2.jpg,822,361,18,17,4_1_1
autosave09_11_2012_09_33_01_2.jpg,891,348,27,27,4_1_1
autosave09_11_2012_09_33_11_1.jpg,597,338,22,23,4_1_2
autosave09_11_2012_09_33_31_0.jpg,871,369,20,20,4_2_3
autosave09_11_2012_09_33_36_1.jpg,848,401,20,19,4_2_2
autosave09_11_2012_09_33_49_2.jpg,666,406,20,21,4_2_3
autosave09_11_2012_09_33_50_1.jpg,609,405,25,27,4_2_3
autosave09_11_2012_09_33_50_1.jpg,656,313,19,19,4_2_3
autosave09_11_2012_09_34_11_0.jpg,1204,368,17,17,4_1_2_1
autosave09_11_2012_09_34_34_2.jpg,697,354,16,16,4_1_4
autosave09_11_2012_09_46_08_0.jpg,1050,386,16,16,4_2_3
autosave09_11_2012_09_46_12_2.jpg,907,359,17,17,4_1_1
autosave09_11_2012_09_46_35_3.jpg,822,344,19,20,4_2_3
autosave09_11_2012_09_46_37_0.jpg,741,314,25,25,4_2_3
autosave09_11_2012_09_46_43_1.jpg,572,352,18,18,4_2_3
autosave09_11_2012_09_46_54_0.jpg,872,381,16,16,4_1_4
autosave09_11_2012_09_47_22_1.jpg,440,395,16,16,4_1_1
autosave09_11_2012_09_48_53_4.jpg,332,362,22,25,4_2_1
autosave09_11_2012_09_49_15_2.jpg,896,360,18,18,4_1_1
autosave09_11_2012_09_49_17_2.jpg,928,350,18,19,4_1_1
autosave09_11_2012_09_49_31_2.jpg,887,401,16,17,4_1_1
autosave09_11_2012_09_49_47_3.jpg,840,387,21,21,4_2_2
autosave09_11_2012_09_49_48_2.jpg,874,382,25,25,4_2_2
autosave09_11_2012_09_52_24_0.jpg,927,348,25,25,4_2_1
autosave09_11_2012_09_52_26_0.jpg,158,347,26,25,4_1_5
autosave09_11_2012_09_52_28_3.jpg,1061,222,59,57,4_1_5
autosave09_11_2012_09_53_21_0.jpg,746,339,19,19,4_2_3
autosave09_11_2012_09_53_25_1.jpg,885,212,48,50,4_2_3
autosave09_11_2012_09_53_25_4.jpg,1043,83,78,74,4_2_3
autosave09_11_2012_09_54_42_2.jpg,757,283,23,23,4_3
autosave10_10_2012_07_53_32_1.jpg,788,331,26,28,4_1_1
autosave10_10_2012_08_03_08_0.jpg,769,366,27,27,4_1_2
autosave10_10_2012_08_04_48_0.jpg,880,326,34,36,4_1_2_2
autosave10_10_2012_08_10_02_1.jpg,731,349,27,28,4_1_2
autosave10_10_2012_08_10_32_2.jpg,366,399,28,26,4_1_4
autosave10_10_2012_08_24_26_0.jpg,701,353,25,25,4_1_6
autosave10_10_2012_08_28_42_1.jpg,754,334,25,25,4_1_5
autosave10_10_2012_08_42_58_3.jpg,716,400,20,19,4_1_1
autosave10_10_2012_08_59_11_2.jpg,699,368,20,19,4_1_1
autosave10_10_2012_09_09_30_0.jpg,643,389,19,19,4_3
autosave10_10_2012_09_10_06_1.jpg,205,386,21,22,4_3
autosave10_10_2012_09_11_24_0.jpg,320,384,28,29,4_3
autosave10_10_2012_09_23_03_3.jpg,627,391,18,20,4_1_4
autosave10_10_2012_09_23_21_1.jpg,339,367,20,21,4_2_1
autosave10_10_2012_09_26_03_1.jpg,732,364,17,16,4_1_1
autosave10_10_2012_09_26_03_1.jpg,183,367,17,16,4_1_1
autosave10_10_2012_09_26_13_1.jpg,848,349,27,27,4_1_6
autosave10_10_2012_09_29_48_3.jpg,452,397,16,16,4_2_1
autosave10_10_2012_09_30_22_0.jpg,330,399,22,20,4_2_1
autosave10_10_2012_09_30_22_3.jpg,269,368,26,27,4_2_1
autosave10_10_2012_09_30_22_3.jpg,213,348,16,28,4_1_1
autosave10_10_2012_09_33_53_2.jpg,384,417,21,22,4_2_1
autosave10_10_2012_09_34_17_1.jpg,401,398,17,18,4_2_1
autosave10_10_2012_09_34_17_2.jpg,396,403,17,18,4_2_1
autosave10_10_2012_09_38_54_0.jpg,709,381,18,18,4_1_1
autosave10_10_2012_09_39_17_3.jpg,470,304,22,21,4_1_1
autosave10_10_2012_09_39_22_0.jpg,829,355,27,26,4_1_5
autosave10_10_2012_09_46_35_3.jpg,16,352,38,34,4_1_2_1
autosave10_10_2012_09_57_28_1.jpg,806,382,25,25,4_1_1
autosave10_10_2012_10_04_16_1.jpg,755,378,26,30,4_1_1
autosave10_10_2012_10_04_25_1.jpg,641,412,18,21,4_1_1
autosave10_10_2012_10_05_01_1.jpg,623,408,16,18,4_2_2
autosave10_10_2012_10_06_15_0.jpg,711,406,18,18,4_1_1
autosave10_10_2012_10_14_07_0.jpg,776,404,24,24,4_1_1
autosave10_10_2012_10_14_43_0.jpg,689,384,31,29,4_1_1
autosave10_10_2012_10_19_50_2.jpg,764,408,20,21,4_1_1
autosave10_10_2012_10_21_10_0.jpg,685,347,19,21,4_1_4
autosave10_10_2012_10_21_53_1.jpg,663,308,25,26,4_1_4
autosave10_10_2012_10_23_34_1.jpg,968,375,17,33,4_1_2
autosave10_10_2012_10_25_55_2.jpg,688,355,29,28,4_3
autosave10_10_2012_10_27_09_1.jpg,698,335,21,21,4_2_3
autosave10_10_2012_10_28_06_0.jpg,644,447,25,25,4_1_2_2
autosave10_10_2012_10_28_27_1.jpg,810,459,16,21,4_2_2
autosave10_10_2012_10_30_16_4.jpg,702,360,22,21,4_1_1
autosave10_10_2012_10_32_02_1.jpg,779,375,26,27,4_1_1
autosave10_10_2012_10_32_17_0.jpg,724,358,27,29,4_1_1
autosave10_10_2012_11_18_41_1.jpg,488,237,28,29,4_1_2_1
autosave10_10_2012_11_18_43_0.jpg,18,58,53,57,4_1_2_1
autosave10_10_2012_11_21_07_1.jpg,710,338,25,23,4_1_1
autosave10_10_2012_11_22_07_0.jpg,632,431,24,24,4_2_2
autosave10_10_2012_11_25_01_1.jpg,693,359,20,20,4_1_4
autosave10_10_2012_11_25_34_3.jpg,736,362,25,25,4_1_1
autosave10_10_2012_12_25_48_2.jpg,932,358,25,25,4_1_6
autosave10_10_2012_12_39_55_3.jpg,993,367,25,25,4_3
autosave10_10_2012_12_40_09_2.jpg,796,274,22,30,4_1_5
autosave10_10_2012_12_43_39_3.jpg,893,378,26,28,4_1_1
autosave10_10_2012_12_45_39_0.jpg,480,286,24,24,4_3
autosave10_10_2012_12_45_46_0.jpg,434,186,40,39,4_3
autosave10_10_2012_12_45_46_0.jpg,1080,319,31,32,4_3
autosave10_10_2012_12_46_26_0.jpg,398,360,24,32,4_2_1
autosave10_10_2012_12_46_49_3.jpg,333,390,26,27,4_2_1
autosave10_10_2012_12_49_51_2.jpg,247,369,27,27,4_2_1
autosave10_10_2012_12_50_00_0.jpg,295,359,30,31,4_2_1
autosave10_10_2012_12_50_09_1.jpg,842,315,23,29,4_1_4
autosave10_10_2012_12_50_14_1.jpg,631,373,24,25,4_1_1
autosave10_10_2012_12_50_16_2.jpg,803,276,61,60,4_1_1
autosave10_10_2012_12_50_16_2.jpg,758,380,23,29,4_1_1
autosave10_10_2012_12_50_37_2.jpg,655,279,21,21,4_1_4
autosave10_10_2012_12_56_07_0.jpg,612,356,23,24,4_1_1
autosave10_10_2012_12_56_17_0.jpg,147,381,25,26,4_1_1
autosave10_10_2012_12_56_17_1.jpg,82,392,30,29,4_1_1
autosave10_10_2012_12_56_17_1.jpg,724,367,24,23,4_1_1
autosave10_10_2012_13_01_16_1.jpg,1122,273,37,37,4_1_4
autosave10_10_2012_13_01_30_0.jpg,1160,382,28,26,4_1_1
autosave10_10_2012_13_02_31_2.jpg,697,365,22,22,4_1_1
autosave10_10_2012_13_03_03_0.jpg,498,148,35,34,4_1_4
autosave10_10_2012_13_05_11_2.jpg,733,335,23,24,4_1_4
autosave10_10_2012_13_05_13_2.jpg,939,204,49,50,4_1_4
autosave10_10_2012_13_05_13_2.jpg,526,224,29,28,4_1_4
autosave10_10_2012_13_05_29_2.jpg,630,303,25,24,4_1_4
autosave10_10_2012_13_05_30_0.jpg,647,293,25,24,4_1_4
autosave10_10_2012_13_05_30_0.jpg,396,271,24,21,4_1_4
autosave10_10_2012_13_06_12_1.jpg,429,250,24,25,4_1_1
autosave10_10_2012_13_06_12_3.jpg,362,166,33,34,4_1_1
autosave10_10_2012_13_06_12_3.jpg,645,328,21,23,4_1_1
autosave10_10_2012_13_06_14_1.jpg,291,90,46,46,4_1_1
autosave10_10_2012_13_06_14_1.jpg,654,314,25,26,4_1_1
autosave10_10_2012_13_06_15_3.jpg,733,164,54,58,4_1_1
autosave10_10_2012_13_11_10_1.jpg,415,407,23,23,4_2_1
autosave10_10_2012_14_10_06_0.jpg,681,363,21,21,4_1_5
autosave10_10_2012_14_10_06_1.jpg,680,359,21,21,4_1_5
autosave10_10_2012_14_10_06_1.jpg,648,397,20,19,4_1_5
autosave10_10_2012_14_12_28_2.jpg,656,380,23,22,4_1_1
autosave10_10_2012_14_13_07_2.jpg,656,415,25,22,4_1_4
autosave10_10_2012_14_13_09_2.jpg,882,323,63,64,4_1_4
autosave10_10_2012_14_49_43_3.jpg,662,422,22,22,4_1_3
autosave10_10_2012_14_49_57_2.jpg,974,436,21,20,4_2_2
autosave13_04_2013_09_38_08_4.jpg,944,414,27,26,4_1_2
autosave13_04_2013_09_40_06_0.jpg,1134,409,20,22,4_1_1
autosave13_04_2013_09_40_13_0.jpg,1321,328,33,35,4_1_1
autosave13_04_2013_09_43_24_2.jpg,1047,384,29,29,4_1_5
autosave13_04_2013_09_44_17_0.jpg,742,453,19,17,4_2_2
autosave13_04_2013_09_44_21_0.jpg,929,391,29,25,4_2_2
autosave13_04_2013_09_44_21_2.jpg,992,321,50,50,4_2_2
autosave13_04_2013_09_47_33_0.jpg,687,602,41,40,4_1_2_1
autosave13_04_2013_09_53_07_1.jpg,431,326,27,43,4_1_1
autosave13_04_2013_09_57_35_0.jpg,1200,350,35,35,4_1_1
autosave13_04_2013_09_59_38_3.jpg,600,490,35,32,4_1_6
autosave13_04_2013_11_05_38_0.jpg,1186,251,101,96,4_1_2
autosave13_04_2013_11_05_54_1.jpg,1829,303,38,52,4_2_1
autosave13_04_2013_12_00_22_0.jpg,767,459,18,18,4_2_3
autosave13_04_2013_12_02_04_0.jpg,1019,403,32,35,4_1_1
autosave13_04_2013_12_02_04_0.jpg,953,455,16,20,4_1_1
autosave13_04_2013_12_02_06_1.jpg,1062,192,105,110,4_1_1
autosave13_04_2013_12_02_06_1.jpg,871,432,21,24,4_1_1
autosave13_04_2013_12_03_14_3.jpg,1125,400,33,32,4_1_2
autosave13_04_2013_12_09_46_2.jpg,1076,465,20,20,4_1_1
autosave13_04_2013_12_10_42_1.jpg,538,516,21,24,4_2_1
autosave13_04_2013_12_14_02_1.jpg,1158,445,30,34,4_1_1
autosave13_04_2013_12_20_32_0.jpg,435,475,23,24,4_2_1
autosave13_04_2013_12_42_41_1.jpg,295,454,25,25,4_1_1
autosave13_04_2013_12_44_04_0.jpg,729,488,19,20,4_1_2_2
autosave13_04_2013_13_02_47_0.jpg,701,363,33,32,4_1_4
autosave13_04_2013_13_02_47_1.jpg,691,334,34,33,4_1_4
autosave13_04_2013_13_08_34_3.jpg,350,491,25,39,4_1_1
autosave13_04_2013_13_17_28_2.jpg,1080,402,26,26,4_1_4
autosave13_04_2013_13_18_49_0.jpg,1065,515,28,30,4_3
autosave13_04_2013_13_18_53_1.jpg,999,542,22,22,4_2_1
autosave13_04_2013_13_19_11_2.jpg,294,498,33,30,4_2_3
autosave13_04_2013_13_29_11_2.jpg,1118,473,25,26,4_2_2
autosave13_04_2013_13_44_58_1.jpg,1248,488,23,23,4_1_2_1
autosave13_04_2013_15_17_39_0.jpg,1017,492,19,21,4_1_5
autosave13_04_2013_15_22_41_2.jpg,1065,551,22,29,4_1_4
autosave13_04_2013_15_22_56_1.jpg,1005,568,24,21,4_1_1
autosave13_04_2013_15_22_58_3.jpg,1718,323,111,112,4_1_1
autosave13_04_2013_15_30_15_1.jpg,933,562,19,19,4_1_1
autosave13_04_2013_15_59_19_1.jpg,1646,602,22,31,4_1_4
autosave16_04_2013_11_30_28_2.jpg,905,560,28,25,4_1_2
autosave16_04_2013_11_30_36_0.jpg,1665,495,38,50,4_2_1
autosave16_04_2013_11_35_35_1.jpg,1053,550,19,18,4_1_4
autosave16_04_2013_11_35_43_1.jpg,1337,315,60,59,4_1_4
autosave16_04_2013_11_35_43_1.jpg,341,502,27,25,4_1_1
autosave16_04_2013_11_43_11_3.jpg,1108,527,24,25,4_1_1
autosave16_04_2013_11_46_03_3.jpg,767,537,16,17,4_1_4
autosave16_04_2013_11_46_05_1.jpg,716,510,18,18,4_1_4
autosave16_04_2013_11_46_05_1.jpg,715,544,17,18,4_2_1
autosave16_04_2013_11_46_11_1.jpg,711,487,19,18,4_1_1
autosave16_04_2013_11_46_11_3.jpg,736,501,19,18,4_1_1
autosave16_04_2013_11_57_46_1.jpg,979,560,20,19,4_3
autosave16_04_2013_11_57_47_0.jpg,990,560,20,19,4_3
autosave16_04_2013_11_57_49_2.jpg,1123,530,41,42,4_3
autosave16_04_2013_11_57_49_2.jpg,942,566,18,16,4_1_1
autosave16_04_2013_11_57_50_2.jpg,1283,469,63,62,4_3
autosave16_04_2013_11_57_50_2.jpg,1045,573,20,21,4_3
autosave16_04_2013_11_57_50_2.jpg,958,544,18,16,4_1_1
autosave16_04_2013_12_00_54_2.jpg,616,508,18,19,4_2_3
autosave16_04_2013_12_30_18_2.jpg,731,604,29,25,4_2_1
autosave16_04_2013_12_30_38_2.jpg,965,562,19,16,4_3
autosave16_04_2013_12_36_33_2.jpg,741,520,16,17,4_1_1
autosave16_04_2013_12_36_34_3.jpg,1216,536,17,19,4_1_1
autosave16_04_2013_12_36_36_0.jpg,1877,516,23,25,4_1_1
autosave16_04_2013_12_57_25_1.jpg,893,572,17,18,4_2_3
autosave16_04_2013_14_25_33_2.jpg,1472,448,20,25,4_2_3
autosave16_04_2013_14_25_33_3.jpg,1500,461,20,25,4_2_3
autosave16_04_2013_14_25_46_0.jpg,1202,434,41,39,4_1_1
autosave16_04_2013_14_28_24_1.jpg,1048,474,19,19,4_3
autosave16_04_2013_14_35_43_1.jpg,69,408,30,35,4_1_1
autosave16_04_2013_14_36_23_3.jpg,1092,418,29,29,4_1_4
autosave16_04_2013_14_39_24_3.jpg,1161,488,30,30,4_1_4
autosave16_04_2013_14_42_49_1.jpg,1044,473,26,24,4_1_4
autosave16_04_2013_14_48_34_1.jpg,972,545,30,27,4_2_2
autosave16_04_2013_14_48_34_2.jpg,969,545,30,27,4_2_2
autosave16_04_2013_14_50_07_0.jpg,1045,420,22,19,4_1_4
autosave16_04_2013_14_50_09_2.jpg,1199,376,26,28,4_1_4
autosave16_04_2013_14_50_13_0.jpg,1381,74,69,67,4_1_4
autosave16_04_2013_14_51_12_1.jpg,998,475,23,30,4_1_2
autosave16_04_2013_14_51_18_0.jpg,497,365,53,54,4_1_2
autosave16_04_2013_14_51_18_0.jpg,1790,421,37,41,4_3
autosave16_04_2013_14_57_52_0.jpg,820,542,21,23,4_2_1
autosave16_04_2013_14_57_52_2.jpg,811,542,21,23,4_2_1
autosave16_04_2013_14_57_53_0.jpg,804,540,26,25,4_2_1
autosave16_04_2013_14_57_53_1.jpg,648,565,41,44,4_2_1
autosave16_04_2013_14_57_53_1.jpg,795,533,27,26,4_2_1
autosave16_04_2013_14_59_00_3.jpg,966,426,24,25,4_1_5
autosave16_04_2013_14_59_08_0.jpg,1282,62,108,98,4_1_5
autosave16_04_2013_15_03_58_2.jpg,1072,416,27,25,4_1_5
autosave16_04_2013_15_13_20_1.jpg,996,457,21,23,4_1_1
autosave16_04_2013_15_13_21_1.jpg,994,476,21,23,4_1_1
autosave16_04_2013_15_13_26_0.jpg,1275,294,100,89,4_1_1
autosave16_04_2013_15_17_04_3.jpg,1331,410,44,47,4_1_1
autosave16_04_2013_15_30_08_1.jpg,984,439,21,23,4_1_1
autosave16_04_2013_15_30_27_0.jpg,703,450,17,22,4_1_1
autosave16_04_2013_15_31_06_1.jpg,1000,460,19,19,4_1_1
autosave16_04_2013_15_31_22_1.jpg,1038,407,29,30,4_1_5
autosave16_04_2013_15_36_32_3.jpg,1042,453,16,17,4_1_2
autosave16_04_2013_15_36_32_3.jpg,1016,460,18,16,4_1_1
autosave16_04_2013_15_37_22_2.jpg,1247,501,21,20,4_1_4
autosave16_10_2012_06_46_06_2.jpg,275,207,22,22,4_1_1
autosave16_10_2012_06_46_22_0.jpg,217,310,25,23,4_2_1
autosave16_10_2012_06_46_30_2.jpg,763,363,18,16,4_1_4
autosave16_10_2012_06_46_37_2.jpg,746,329,17,17,4_1_1
autosave16_10_2012_06_47_14_2.jpg,784,359,26,25,4_1_4
autosave16_10_2012_06_47_33_1.jpg,668,320,33,33,4_2_2
autosave16_10_2012_06_48_18_2.jpg,428,199,25,25,4_1_4
autosave16_10_2012_06_48_22_4.jpg,697,308,17,16,4_1_4
autosave16_10_2012_06_50_32_2.jpg,1074,344,43,42,4_1_1
autosave16_10_2012_06_50_40_2.jpg,812,307,22,21,4_1_1
autosave16_10_2012_06_50_50_2.jpg,222,304,24,25,4_2_1
autosave16_10_2012_06_51_48_2.jpg,711,385,21,21,4_2_2
autosave16_10_2012_06_51_51_1.jpg,456,235,21,23,4_1_1
autosave16_10_2012_06_52_01_0.jpg,815,343,20,21,4_1_4
autosave16_10_2012_06_52_06_3.jpg,759,352,20,19,4_1_1
autosave16_10_2012_06_52_14_1.jpg,672,314,17,16,4_1_1
autosave16_10_2012_06_52_42_2.jpg,770,331,23,22,4_1_4
autosave16_10_2012_06_52_48_2.jpg,451,254,19,18,4_1_1
autosave16_10_2012_06_52_57_2.jpg,599,398,21,20,4_2_2
autosave16_10_2012_06_52_58_2.jpg,657,399,35,32,4_2_2
autosave16_10_2012_06_52_59_2.jpg,788,405,64,60,4_2_2
autosave16_10_2012_06_53_16_1.jpg,633,403,21,21,4_2_2
autosave16_10_2012_06_53_28_3.jpg,95,269,38,38,4_2_3
autosave16_10_2012_06_55_01_4.jpg,851,356,17,19,4_1_1
autosave16_10_2012_06_55_01_5.jpg,1150,325,36,34,4_1_1
autosave16_10_2012_06_55_43_1.jpg,146,301,27,29,4_2_3
autosave16_10_2012_06_55_43_3.jpg,135,325,35,39,4_2_2
autosave16_10_2012_07_08_14_3.jpg,412,269,16,18,4_1_1
autosave16_10_2012_07_08_21_1.jpg,647,347,19,22,4_2_3
autosave16_10_2012_07_08_22_0.jpg,665,349,19,21,4_2_3
autosave16_10_2012_07_08_58_0.jpg,573,340,16,16,4_1_1
autosave16_10_2012_07_09_12_0.jpg,690,346,17,18,4_1_1
autosave16_10_2012_07_09_12_0.jpg,712,371,18,18,4_2_3
autosave16_10_2012_07_09_50_0.jpg,771,362,17,16,4_1_4
autosave16_10_2012_07_10_11_2.jpg,656,348,18,18,4_1_4
autosave16_10_2012_07_10_35_1.jpg,634,356,23,23,4_2_2
autosave16_10_2012_07_10_36_0.jpg,666,344,26,27,4_2_2
autosave16_10_2012_07_10_36_1.jpg,725,323,33,37,4_2_2
autosave16_10_2012_07_10_39_1.jpg,701,332,21,22,4_1_4
autosave16_10_2012_07_10_44_0.jpg,651,372,26,25,4_2_3
autosave16_10_2012_07_10_45_2.jpg,937,355,71,72,4_2_3
autosave16_10_2012_07_10_45_2.jpg,893,404,41,42,4_2_2
autosave16_10_2012_07_10_54_1.jpg,654,351,18,17,4_1_1
autosave16_10_2012_07_11_45_1.jpg,770,337,23,21,4_1_1
autosave16_10_2012_07_11_58_2.jpg,696,337,23,21,4_1_4
autosave16_10_2012_07_12_14_3.jpg,705,325,22,24,4_1_1
autosave16_10_2012_07_12_32_1.jpg,745,406,19,23,4_1_2_2
autosave16_10_2012_07_12_39_1.jpg,863,398,18,18,4_1_1
autosave16_10_2012_07_13_07_2.jpg,665,315,17,18,4_1_1
autosave16_10_2012_07_15_00_0.jpg,698,334,20,22,4_2_3
autosave16_10_2012_07_15_01_0.jpg,769,313,26,30,4_2_3
autosave16_10_2012_07_15_01_0.jpg,659,350,21,19,4_1_1
autosave16_10_2012_07_15_06_1.jpg,667,358,22,21,4_1_4
autosave16_10_2012_07_15_31_0.jpg,748,273,27,28,4_1_4
autosave16_10_2012_07_15_42_2.jpg,698,320,24,25,4_1_4
autosave16_10_2012_07_15_59_0.jpg,605,355,18,16,4_1_1
autosave16_10_2012_07_16_56_0.jpg,659,336,19,20,4_1_4
autosave16_10_2012_07_17_23_1.jpg,706,338,26,24,4_1_4
autosave16_10_2012_07_18_13_0.jpg,683,349,18,18,4_2_3
autosave16_10_2012_07_18_27_1.jpg,696,340,16,16,4_2_3
autosave16_10_2012_07_18_47_1.jpg,624,333,18,19,4_1_1
autosave16_10_2012_07_18_51_2.jpg,700,367,16,16,4_1_4
autosave16_10_2012_07_19_11_2.jpg,755,353,23,28,4_1_2_1
autosave16_10_2012_07_19_34_1.jpg,583,286,23,24,4_1_4
autosave16_10_2012_07_19_45_2.jpg,721,336,46,43,4_1_1
autosave16_10_2012_08_02_29_3.jpg,622,337,18,20,4_2_3
autosave16_10_2012_08_02_32_0.jpg,583,305,17,18,4_1_1
autosave16_10_2012_08_03_03_3.jpg,663,312,21,21,4_2_3
autosave16_10_2012_08_03_10_1.jpg,639,356,19,19,4_1_1
autosave16_10_2012_08_03_41_0.jpg,685,398,20,19,4_2_2
autosave16_10_2012_08_03_43_1.jpg,125,309,23,21,4_2_1
autosave16_10_2012_08_03_45_0.jpg,240,330,18,16,4_2_1
autosave16_10_2012_08_04_01_1.jpg,957,344,29,31,4_2_3
autosave16_10_2012_08_04_07_2.jpg,773,369,19,17,4_1_1
autosave16_10_2012_08_04_38_2.jpg,789,321,23,23,4_2_3
autosave16_10_2012_08_09_47_0.jpg,107,300,16,21,4_1_1
autosave16_10_2012_08_09_57_0.jpg,474,178,55,67,4_1_1
autosave16_10_2012_08_10_03_2.jpg,658,281,28,28,4_1_2
autosave16_10_2012_08_10_37_0.jpg,979,378,16,18,4_2_3
autosave16_10_2012_08_10_37_0.jpg,700,353,17,17,4_2_3
autosave16_10_2012_08_10_57_2.jpg,643,361,19,17,4_1_1
autosave16_10_2012_08_12_05_0.jpg,307,315,20,19,4_1_1
autosave16_10_2012_08_12_07_1.jpg,659,349,19,19,4_2_3
autosave16_10_2012_08_12_08_2.jpg,812,314,39,38,4_2_3
autosave16_10_2012_08_12_08_2.jpg,949,384,27,26,4_1_2_2
autosave16_10_2012_08_12_17_2.jpg,604,348,18,17,4_1_4
autosave16_10_2012_08_13_15_1.jpg,609,336,18,17,4_1_1
autosave16_10_2012_08_13_26_2.jpg,572,334,19,16,4_1_4
autosave16_10_2012_08_31_25_3.jpg,709,297,37,33,4_1_4
autosave16_10_2012_08_48_26_2.jpg,637,355,18,20,4_1_1
autosave16_10_2012_10_06_32_5.jpg,795,309,20,20,4_1_1
autosave16_10_2012_10_06_40_0.jpg,727,425,40,41,4_1_2_2
autosave16_10_2012_10_06_42_2.jpg,691,404,22,23,4_1_2_2
autosave16_10_2012_10_07_26_5.jpg,538,395,17,17,4_2_1
autosave16_10_2012_10_07_29_0.jpg,501,397,27,26,4_2_1
autosave16_10_2012_10_07_29_0.jpg,521,329,16,16,4_2_1
autosave16_10_2012_10_08_16_0.jpg,309,314,16,20,4_1_1
autosave16_10_2012_10_09_08_1.jpg,1007,342,20,21,4_2_3
autosave16_10_2012_10_21_06_0.jpg,949,326,21,20,4_2_2
autosave16_10_2012_10_21_20_3.jpg,518,328,16,17,4_1_1
autosave16_10_2012_10_24_21_2.jpg,805,300,17,16,4_1_4
autosave16_10_2012_10_25_24_2.jpg,514,326,17,16,4_2_1
autosave16_10_2012_10_26_01_2.jpg,431,312,23,22,4_1_1
autosave16_10_2012_10_26_20_2.jpg,806,355,16,18,4_1_1
autosave16_10_2012_10_27_51_1.jpg,979,313,21,20,4_2_3
autosave16_10_2012_10_30_30_0.jpg,965,323,18,18,4_2_3
autosave16_10_2012_10_39_21_1.jpg,1103,320,19,23,4_2_3
autosave16_10_2012_10_55_25_0.jpg,909,325,24,23,4_1_4
autosave16_10_2012_11_00_36_1.jpg,833,323,17,16,4_1_4
autosave16_10_2012_11_01_59_4.jpg,828,344,16,17,4_1_4
autosave16_10_2012_11_05_14_0.jpg,824,324,17,17,4_1_4
autosave16_10_2012_11_10_36_3.jpg,536,355,16,16,4_2_1
autosave16_10_2012_11_10_38_2.jpg,511,351,21,20,4_2_1
autosave16_10_2012_11_10_38_2.jpg,523,372,17,16,4_2_1
autosave16_10_2012_11_10_40_0.jpg,480,342,27,26,4_2_1
autosave16_10_2012_11_10_40_0.jpg,497,370,20,20,4_2_1
autosave16_10_2012_11_10_48_5.jpg,820,335,16,16,4_1_4
autosave16_10_2012_11_12_36_1.jpg,831,307,17,16,4_1_1
autosave16_10_2012_11_12_38_0.jpg,1013,242,29,30,4_1_1
autosave16_10_2012_11_12_38_0.jpg,822,310,18,16,4_1_1
autosave16_10_2012_11_12_38_1.jpg,1083,218,37,32,4_1_1
autosave16_10_2012_11_12_38_1.jpg,841,303,21,19,4_1_1
autosave16_10_2012_11_13_24_2.jpg,812,350,17,16,4_1_4
autosave16_10_2012_11_14_08_0.jpg,872,325,16,16,4_1_4
autosave16_10_2012_11_14_09_1.jpg,517,332,16,16,4_2_1
autosave16_10_2012_11_14_09_1.jpg,507,381,19,23,4_2_1
autosave16_10_2012_11_14_12_2.jpg,1082,278,34,29,4_1_4
autosave16_10_2012_11_14_20_2.jpg,949,338,16,16,4_1_4
autosave16_10_2012_11_14_26_0.jpg,828,318,18,18,4_2_3
autosave16_10_2012_11_14_59_3.jpg,700,357,16,16,4_2_2
autosave16_10_2012_11_15_01_2.jpg,816,324,34,33,4_2_2
autosave16_10_2012_11_15_01_2.jpg,815,358,19,18,4_2_2
autosave16_10_2012_11_15_06_0.jpg,1089,316,16,20,4_1_2
autosave16_10_2012_11_15_16_1.jpg,840,325,19,19,4_1_4
autosave16_10_2012_11_15_51_0.jpg,823,340,16,17,4_1_4
autosave16_10_2012_11_15_55_3.jpg,1038,323,17,30,4_1_2
autosave16_10_2012_11_16_34_2.jpg,799,342,18,18,4_2_3
autosave16_10_2012_11_16_35_2.jpg,908,329,28,28,4_2_3
autosave16_10_2012_11_16_35_2.jpg,935,308,17,17,4_1_1
autosave16_10_2012_11_16_50_0.jpg,471,334,17,16,4_2_3
autosave16_10_2012_11_16_50_1.jpg,445,321,22,22,4_2_3
autosave16_10_2012_11_16_50_2.jpg,407,310,27,26,4_2_3
autosave16_10_2012_11_18_15_5.jpg,490,354,18,20,4_2_3
autosave16_10_2012_11_18_24_2.jpg,488,299,17,16,4_1_1
autosave16_10_2012_11_18_35_0.jpg,112,314,24,22,4_1_1
autosave16_10_2012_11_19_16_1.jpg,844,319,17,17,4_1_4
autosave16_10_2012_11_21_30_3.jpg,732,290,20,21,4_1_1
autosave16_10_2012_11_21_34_1.jpg,730,301,19,19,4_1_1
autosave16_10_2012_11_21_38_2.jpg,1209,275,16,20,4_1_1
autosave16_10_2012_11_22_45_0.jpg,652,293,17,16,4_1_4
autosave16_10_2012_11_24_24_3.jpg,641,302,16,16,4_1_4
autosave16_10_2012_11_24_35_1.jpg,279,357,24,22,4_2_1
autosave16_10_2012_11_24_55_1.jpg,815,302,19,19,4_1_1
autosave16_10_2012_11_24_56_3.jpg,902,344,16,17,4_1_2_1
autosave16_10_2012_11_25_19_2.jpg,693,380,24,24,4_1_2_2
autosave16_10_2012_11_36_32_2.jpg,661,333,18,20,4_1_4
autosave16_10_2012_11_36_32_2.jpg,733,350,17,17,4_2_3
autosave16_10_2012_11_36_34_2.jpg,811,275,49,51,4_1_4
autosave16_10_2012_11_36_34_2.jpg,630,328,18,21,4_2_3
autosave16_10_2012_11_36_34_2.jpg,875,334,29,28,4_2_3
autosave16_10_2012_11_37_24_4.jpg,860,341,17,18,4_2_3
autosave16_10_2012_11_37_31_0.jpg,1158,316,31,30,4_2_3
autosave16_10_2012_11_37_31_0.jpg,634,333,16,17,4_1_1
autosave16_10_2012_11_37_38_0.jpg,758,301,31,32,4_1_1
autosave16_10_2012_11_37_38_0.jpg,819,332,17,17,4_1_2_1
autosave16_10_2012_11_38_43_2.jpg,792,316,17,18,4_1_2_1
autosave16_10_2012_11_38_50_4.jpg,678,307,17,16,4_1_5
autosave16_10_2012_11_38_52_1.jpg,685,285,20,20,4_1_5
autosave16_10_2012_11_38_52_1.jpg,1135,320,16,16,4_1_1
autosave16_10_2012_11_38_56_4.jpg,818,128,52,49,4_1_5
autosave16_10_2012_11_40_03_1.jpg,664,303,20,20,4_1_4
autosave16_10_2012_11_40_07_2.jpg,424,303,16,17,4_1_1
autosave16_10_2012_11_40_19_2.jpg,653,385,20,21,4_2_3
autosave16_10_2012_11_40_20_0.jpg,685,350,21,19,4_2_3
autosave16_10_2012_11_40_20_0.jpg,688,383,21,21,4_2_3
autosave16_10_2012_11_40_23_1.jpg,389,365,26,26,4_2_3
autosave16_10_2012_11_40_24_0.jpg,315,374,37,40,4_2_3
autosave16_10_2012_11_40_24_0.jpg,329,276,27,29,4_2_3
autosave16_10_2012_11_40_33_2.jpg,669,291,17,16,4_1_4
autosave16_10_2012_11_41_25_2.jpg,733,313,21,21,4_1_1
autosave16_10_2012_11_42_08_2.jpg,647,326,22,19,4_1_1
autosave16_10_2012_11_42_09_0.jpg,673,305,23,23,4_1_1
autosave16_10_2012_11_43_28_1.jpg,814,336,17,21,4_2_3
autosave16_10_2012_11_43_31_1.jpg,853,334,18,18,4_1_2_1
autosave16_10_2012_11_44_16_2.jpg,678,338,20,19,4_1_4
autosave16_10_2012_11_44_24_3.jpg,760,327,18,18,4_1_1
autosave16_10_2012_11_44_45_0.jpg,599,278,26,27,4_2_3
autosave16_10_2012_11_44_46_2.jpg,557,230,36,40,4_2_3
autosave16_10_2012_11_44_46_2.jpg,1224,296,25,27,4_2_3
autosave16_10_2012_11_44_46_2.jpg,1126,293,17,21,4_1_1
autosave16_10_2012_11_44_46_4.jpg,546,225,43,47,4_2_3
autosave16_10_2012_11_44_46_4.jpg,1248,305,25,27,4_2_3
autosave16_10_2012_11_44_46_4.jpg,1146,302,17,21,4_1_1
autosave16_10_2012_11_45_56_0.jpg,753,339,20,16,4_1_2
autosave16_10_2012_11_46_39_0.jpg,813,305,21,19,4_1_4
autosave16_10_2012_11_46_49_2.jpg,679,321,21,23,4_2_3
autosave16_10_2012_11_46_50_2.jpg,746,265,37,41,4_2_3
autosave16_10_2012_11_47_15_2.jpg,533,320,16,19,4_2_1
autosave16_10_2012_11_48_20_1.jpg,672,237,16,16,4_1_4
autosave16_10_2012_11_48_41_1.jpg,694,369,27,25,4_1_2_2
autosave16_10_2012_11_48_41_2.jpg,713,361,29,27,4_1_2_2
autosave16_10_2012_11_48_41_2.jpg,476,355,19,18,4_2_1
autosave16_10_2012_11_48_41_3.jpg,742,368,32,31,4_1_2_2
autosave16_10_2012_11_48_41_3.jpg,465,362,20,19,4_2_1
autosave16_10_2012_11_48_41_3.jpg,449,364,17,17,4_2_1
autosave16_10_2012_11_48_42_1.jpg,789,362,43,42,4_1_2_2
autosave16_10_2012_11_48_42_1.jpg,450,358,20,19,4_2_1
autosave16_10_2012_11_48_42_1.jpg,429,358,20,18,4_2_1
autosave16_10_2012_11_49_05_0.jpg,892,345,39,43,4_2_2
autosave16_10_2012_11_49_05_0.jpg,931,348,43,43,4_2_1
autosave16_10_2012_11_49_05_0.jpg,1117,302,22,22,4_1_4
autosave16_10_2012_11_49_42_3.jpg,704,362,18,17,4_1_1
autosave16_10_2012_11_49_43_2.jpg,731,346,20,19,4_1_1
autosave16_10_2012_11_49_44_2.jpg,805,312,30,30,4_1_1
autosave16_10_2012_11_49_44_2.jpg,343,323,16,17,4_1_1
autosave16_10_2012_11_50_07_1.jpg,842,262,21,24,4_1_4
autosave16_10_2012_11_50_09_0.jpg,1110,161,38,44,4_1_4
autosave16_10_2012_11_50_11_2.jpg,904,295,19,20,4_2_2
autosave16_10_2012_11_50_46_0.jpg,1204,256,36,36,4_2_2
autosave16_10_2012_11_51_24_4.jpg,891,294,24,26,4_1_1
autosave16_10_2012_11_52_50_0.jpg,997,293,19,34,4_1_2_1
autosave16_10_2012_11_53_27_4.jpg,805,397,32,46,4_1_2_2
autosave16_10_2012_11_55_09_0.jpg,852,287,23,26,4_1_4
autosave16_10_2012_11_56_41_0.jpg,653,341,19,19,4_1_4
autosave16_10_2012_11_57_14_2.jpg,623,311,17,18,4_2_3
autosave16_10_2012_11_59_54_4.jpg,924,297,20,24,4_1_4
autosave16_10_2012_12_03_27_1.jpg,322,329,20,19,4_2_1
autosave16_10_2012_12_06_18_0.jpg,741,331,16,16,4_1_4
autosave16_10_2012_12_08_13_1.jpg,884,294,17,31,4_1_2
autosave16_10_2012_12_08_43_5.jpg,662,282,22,19,4_1_4
autosave16_10_2012_12_08_49_5.jpg,743,165,42,48,4_1_4
autosave16_10_2012_12_08_49_5.jpg,7,364,48,51,4_2_1
autosave16_10_2012_12_08_49_5.jpg,130,287,36,32,4_2_1
autosave16_10_2012_12_08_57_2.jpg,218,320,17,16,4_2_1
autosave16_10_2012_12_08_58_0.jpg,154,314,18,18,4_2_1
autosave16_10_2012_12_08_58_1.jpg,19,293,18,18,4_2_1
autosave16_10_2012_12_08_58_1.jpg,166,270,20,20,4_1_1
autosave21_01_2013_09_10_02_2.jpg,444,408,18,20,4_1_1
autosave21_01_2013_09_11_04_0.jpg,710,385,24,23,4_2_1
autosave21_01_2013_09_11_10_0.jpg,532,348,32,33,4_2_1
autosave21_01_2013_09_11_10_0.jpg,548,436,47,48,4_2_1
autosave21_01_2013_09_11_13_2.jpg,716,375,21,16,4_1_2
autosave21_01_2013_09_12_03_1.jpg,910,372,19,19,4_1_2
autosave21_01_2013_09_12_20_2.jpg,867,351,20,21,4_1_4
autosave21_01_2013_09_12_23_1.jpg,1171,264,39,41,4_1_4
autosave21_01_2013_09_13_11_0.jpg,1001,326,26,27,4_1_4
autosave21_01_2013_09_13_14_0.jpg,1235,253,39,40,4_1_4
autosave21_01_2013_09_15_08_0.jpg,454,412,24,25,4_2_1
autosave21_01_2013_09_15_18_2.jpg,491,312,17,17,4_1_1
autosave21_01_2013_09_15_49_2.jpg,943,361,19,18,4_1_1
autosave21_01_2013_09_15_51_2.jpg,470,401,24,19,4_2_1
autosave21_01_2013_09_15_54_0.jpg,322,386,50,51,4_2_1
autosave21_01_2013_09_15_54_0.jpg,325,442,26,24,4_2_1
autosave21_01_2013_09_15_54_1.jpg,262,375,58,58,4_2_1
autosave21_01_2013_09_15_54_1.jpg,262,438,33,30,4_2_1
autosave21_01_2013_09_16_19_2.jpg,881,356,26,24,4_2_3
autosave21_01_2013_09_16_36_1.jpg,980,331,30,30,4_1_1
autosave21_01_2013_09_18_49_0.jpg,983,324,28,30,4_1_4
autosave21_01_2013_09_19_11_2.jpg,1029,344,26,29,4_1_4
autosave21_01_2013_09_19_15_0.jpg,973,346,27,26,4_1_1
autosave21_01_2013_09_19_17_2.jpg,999,364,24,20,4_1_2_1
autosave21_01_2013_09_19_49_2.jpg,975,353,26,25,4_1_1
autosave21_01_2013_09_20_20_0.jpg,1026,346,25,24,4_1_4
autosave21_01_2013_09_25_37_0.jpg,531,314,27,26,4_2_1
autosave21_01_2013_09_25_37_0.jpg,573,354,23,26,4_1_1
autosave21_01_2013_09_25_45_0.jpg,515,352,27,22,4_1_1
autosave21_01_2013_09_26_16_0.jpg,891,326,34,29,4_1_1
autosave21_01_2013_09_36_35_2.jpg,880,339,22,24,4_1_4
autosave21_01_2013_09_38_33_1.jpg,831,327,20,25,4_1_4
autosave21_01_2013_09_38_41_1.jpg,953,330,24,21,4_1_1
autosave21_01_2013_09_56_34_0.jpg,750,356,22,22,4_1_1
autosave21_01_2013_09_57_56_0.jpg,778,330,21,22,4_1_4
autosave21_01_2013_10_09_32_2.jpg,481,341,21,22,4_1_1
autosave21_01_2013_10_09_40_2.jpg,884,345,22,25,4_1_2
autosave21_01_2013_10_29_42_1.jpg,709,348,25,27,4_1_4
autosave21_01_2013_10_37_20_0.jpg,716,335,30,25,4_1_2
autosave21_01_2013_10_45_42_0.jpg,1079,350,49,49,4_2_2
autosave21_01_2013_11_26_07_0.jpg,1089,324,23,23,4_1_4
autosave21_01_2013_11_27_49_1.jpg,374,374,20,21,4_2_1
autosave21_01_2013_11_33_48_1.jpg,414,364,25,24,4_2_1
autosave21_01_2013_11_43_27_0.jpg,327,408,47,53,4_2_1
autosave21_01_2013_11_43_38_2.jpg,966,363,17,20,4_1_2
autosave21_01_2013_11_44_22_0.jpg,891,330,20,21,4_1_1
autosave21_01_2013_11_45_27_2.jpg,815,339,31,34,4_1_1
autosave21_01_2013_11_45_28_1.jpg,958,260,55,53,4_1_1
autosave21_01_2013_11_45_28_1.jpg,1035,326,23,26,4_1_2
autosave21_01_2013_11_46_09_0.jpg,512,333,32,25,4_2_3
autosave21_01_2013_11_48_34_0.jpg,1150,335,18,26,4_1_2
autosave21_01_2013_11_48_52_2.jpg,537,362,19,21,4_1_4
autosave21_01_2013_11_48_52_2.jpg,741,369,16,17,4_1_4
autosave21_01_2013_11_48_58_1.jpg,1070,332,26,26,4_1_2
autosave21_01_2013_11_49_30_0.jpg,597,303,26,26,4_1_2
autosave21_01_2013_11_49_42_0.jpg,930,359,30,33,4_1_2
autosave21_01_2013_11_49_52_1.jpg,748,353,18,20,4_1_4
autosave21_01_2013_11_49_59_2.jpg,502,382,24,29,4_2_3
autosave21_01_2013_11_50_27_1.jpg,869,386,16,18,4_1_2
autosave21_01_2013_11_50_30_0.jpg,155,302,21,39,4_1_1
autosave21_01_2013_11_50_30_0.jpg,866,365,35,35,4_1_2
autosave21_01_2013_11_50_58_1.jpg,763,360,17,17,4_1_1
autosave21_01_2013_11_51_39_2.jpg,1237,343,20,23,4_2_3
autosave21_01_2013_11_52_39_0.jpg,1045,345,22,24,4_1_2_1
autosave21_01_2013_11_52_55_0.jpg,868,363,22,24,4_1_1
autosave21_01_2013_11_52_56_2.jpg,1238,290,41,46,4_1_1
autosave21_01_2013_11_53_49_0.jpg,791,348,16,16,4_1_4
autosave21_01_2013_11_53_50_2.jpg,887,305,23,24,4_1_4
autosave21_01_2013_11_53_50_2.jpg,1082,303,16,16,4_1_4
autosave21_01_2013_11_55_00_0.jpg,1136,316,23,24,4_1_1
autosave21_01_2013_11_59_03_0.jpg,875,271,42,50,4_1_2
autosave21_01_2013_12_09_13_0.jpg,552,366,17,21,4_2_3
autosave21_01_2013_12_12_45_1.jpg,761,332,16,26,4_1_2
autosave21_01_2013_12_17_47_0.jpg,794,336,20,20,4_1_4
autosave21_01_2013_12_17_47_0.jpg,380,242,23,23,4_1_4
autosave21_01_2013_12_18_24_1.jpg,756,275,21,21,4_1_1
autosave21_01_2013_12_19_02_0.jpg,836,320,21,21,4_2_2
autosave21_01_2013_12_19_09_0.jpg,572,327,26,27,4_2_3
autosave21_01_2013_12_20_44_1.jpg,1120,262,24,27,4_1_4
autosave21_01_2013_12_21_13_2.jpg,528,387,20,23,4_2_1
autosave21_01_2013_12_21_15_2.jpg,487,372,27,29,4_2_1
autosave21_01_2013_12_21_15_2.jpg,504,404,16,18,4_2_1
autosave21_01_2013_12_29_03_0.jpg,828,389,22,21,4_1_2
autosave21_01_2013_12_29_49_1.jpg,755,344,19,20,4_2_3
autosave21_01_2013_12_32_39_0.jpg,679,405,17,20,4_1_2_2
autosave21_01_2013_12_33_26_1.jpg,820,359,17,17,4_1_1
autosave21_01_2013_12_33_27_1.jpg,874,341,21,22,4_1_1
autosave21_01_2013_12_33_27_1.jpg,229,355,18,18,4_2_3
autosave21_01_2013_12_33_48_0.jpg,920,349,17,19,4_1_2
autosave21_01_2013_12_34_34_1.jpg,322,374,22,24,4_1_1
